4xxx,14529
4xxx,4001
4xxx,4002
4xxx,4009
4xxx,4010
4xxx,40106
4xxx,4011
4xxx,4012
4xxx,4013
4xxx,4016
4xxx,4017
4xxx,4020
4xxx,4021
4xxx,4022
4xxx,4023
4xxx,4025
4xxx,4027
4xxx,4028
4xxx,4029
4xxx,4040
4xxx,4046
4xxx,4047
4xxx,4049
4xxx,4050
4xxx,4051
4xxx,4052
4xxx,4053
4xxx,4056
4xxx,4069
4xxx,4070
4xxx,4071
4xxx,4072
4xxx,4073
4xxx,4075
4xxx,4077
4xxx,4081
4xxx,4098
4xxx,4504
4xxx,4510
4xxx,4518
4xxx,4520
4xxx,4538
4xxx,4543
4xxx,HEF4093B
Analog,AD5593R
Analog,AD630ARZ
Analog,AD637xQ
Analog,AD637xRZ
Analog,AD654JN
Analog,AD654JR
Analog,LF398H
Analog,LF398_DIP8
Analog,LF398_SOIC14
Analog,MLX90314xDF
Analog,MLX90320xFR
Analog,MPY634KP
Analog,MPY634KU
Analog,PGA112
Device,Ammeter_AC
Device,Ammeter_DC
Device,Antenna
Device,Antenna_Chip
Device,Antenna_Dipole
Device,Antenna_Loop
Device,Antenna_Shield
Device,Battery
Device,Battery_Cell
Device,Buzzer
Device,C
Device,C_Feedthrough
Device,C_Polarized
Device,C_Polarized_Small
Device,C_Polarized_Small_US
Device,C_Polarized_US
Device,C_Small
Device,C_Trim
Device,C_Trim_Differential
Device,C_Trim_Small
Device,C_Variable
Device,CircuitBreaker_1P
Device,CircuitBreaker_1P_US
Device,CircuitBreaker_2P
Device,CircuitBreaker_2P_US
Device,CircuitBreaker_3P
Device,CircuitBreaker_3P_US
Device,Crystal
Device,Crystal_GND2
Device,Crystal_GND23
Device,Crystal_GND23_Small
Device,Crystal_GND24
Device,Crystal_GND24_Small
Device,Crystal_GND2_Small
Device,Crystal_GND3
Device,Crystal_GND3_Small
Device,Crystal_Small
Device,D
Device,DIAC
Device,DIAC_Filled
Device,D_AAK
Device,D_Bridge_+-AA
Device,D_Bridge_+A-A
Device,D_Bridge_+AA-
Device,D_Bridge_-A+A
Device,D_Bridge_-AA+
Device,D_Capacitance
Device,D_Capacitance_Filled
Device,D_Dual_CommonAnode_AKK
Device,D_Dual_CommonAnode_AKK_Parallel
Device,D_Dual_CommonAnode_AKK_Split
Device,D_Dual_CommonAnode_KAK
Device,D_Dual_CommonAnode_KAK_Parallel
Device,D_Dual_CommonAnode_KAK_Split
Device,D_Dual_CommonAnode_KKA
Device,D_Dual_CommonAnode_KKA_Parallel
Device,D_Dual_CommonAnode_KKA_Split
Device,D_Dual_CommonCathode_AAK
Device,D_Dual_CommonCathode_AAK_Parallel
Device,D_Dual_CommonCathode_AAK_Split
Device,D_Dual_CommonCathode_AKA
Device,D_Dual_CommonCathode_AKA_Parallel
Device,D_Dual_CommonCathode_AKA_Split
Device,D_Dual_CommonCathode_KAA
Device,D_Dual_CommonCathode_KAA_Parallel
Device,D_Dual_CommonCathode_KAA_Split
Device,D_Dual_Series_ACK
Device,D_Dual_Series_ACK_Parallel
Device,D_Dual_Series_ACK_Split
Device,D_Dual_Series_AKC
Device,D_Dual_Series_AKC_Parallel
Device,D_Dual_Series_AKC_Split
Device,D_Dual_Series_CAK
Device,D_Dual_Series_CAK_Parallel
Device,D_Dual_Series_CAK_Split
Device,D_Dual_Series_CKA
Device,D_Dual_Series_CKA_Parallel
Device,D_Dual_Series_CKA_Split
Device,D_Dual_Series_KAC
Device,D_Dual_Series_KAC_Parallel
Device,D_Dual_Series_KAC_Split
Device,D_Dual_Series_KCA
Device,D_Dual_Series_KCA_Parallel
Device,D_Dual_Series_KCA_Split
Device,D_Filled
Device,D_KAA
Device,D_KAK
Device,D_KKA
Device,D_Laser_1A3C
Device,D_Laser_1C2A
Device,D_Laser_Photo_MType
Device,D_Laser_Photo_NType
Device,D_Laser_Photo_PType
Device,D_Photo
Device,D_Photo_Filled
Device,D_Radiation
Device,D_Radiation_Filled
Device,D_Schottky
Device,D_Schottky_AAK
Device,D_Schottky_AKA
Device,D_Schottky_AKK
Device,D_Schottky_Dual_CommonAnode_AKK
Device,D_Schottky_Dual_CommonAnode_AKK_Parallel
Device,D_Schottky_Dual_CommonAnode_AKK_Split
Device,D_Schottky_Dual_CommonAnode_KAK
Device,D_Schottky_Dual_CommonAnode_KAK_Parallel
Device,D_Schottky_Dual_CommonAnode_KAK_Split
Device,D_Schottky_Dual_CommonAnode_KKA
Device,D_Schottky_Dual_CommonAnode_KKA_Parallel
Device,D_Schottky_Dual_CommonAnode_KKA_Split
Device,D_Schottky_Dual_CommonCathode_AAK
Device,D_Schottky_Dual_CommonCathode_AAK_Parallel
Device,D_Schottky_Dual_CommonCathode_AAK_Split
Device,D_Schottky_Dual_CommonCathode_AKA
Device,D_Schottky_Dual_CommonCathode_AKA_Parallel
Device,D_Schottky_Dual_CommonCathode_AKA_Split
Device,D_Schottky_Dual_CommonCathode_KAA
Device,D_Schottky_Dual_CommonCathode_KAA_Parallel
Device,D_Schottky_Dual_CommonCathode_KAA_Split
Device,D_Schottky_Dual_Series_ACK
Device,D_Schottky_Dual_Series_ACK_Parallel
Device,D_Schottky_Dual_Series_ACK_Split
Device,D_Schottky_Dual_Series_AKC
Device,D_Schottky_Dual_Series_AKC_Parallel
Device,D_Schottky_Dual_Series_AKC_Split
Device,D_Schottky_Dual_Series_CAK
Device,D_Schottky_Dual_Series_CAK_Parallel
Device,D_Schottky_Dual_Series_CAK_Split
Device,D_Schottky_Dual_Series_CKA
Device,D_Schottky_Dual_Series_CKA_Parallel
Device,D_Schottky_Dual_Series_CKA_Split
Device,D_Schottky_Dual_Series_KAC
Device,D_Schottky_Dual_Series_KAC_Parallel
Device,D_Schottky_Dual_Series_KAC_Split
Device,D_Schottky_Dual_Series_KCA
Device,D_Schottky_Dual_Series_KCA_Parallel
Device,D_Schottky_Dual_Series_KCA_Split
Device,D_Schottky_Filled
Device,D_Schottky_KAA
Device,D_Schottky_KAK
Device,D_Schottky_KKA
Device,D_Schottky_Small
Device,D_Schottky_Small_Filled
Device,D_Shockley
Device,D_SiPM
Device,D_Small
Device,D_Small_Filled
Device,D_TVS
Device,D_TVS_Dual_AAC
Device,D_TVS_Dual_ACA
Device,D_TVS_Dual_CAA
Device,D_TVS_Filled
Device,D_TemperatureDependent
Device,D_TemperatureDependent_Filled
Device,D_Tunnel
Device,D_Tunnel_Filled
Device,D_Unitunnel
Device,D_Unitunnel_Filled
Device,D_Zener
Device,D_Zener_Dual_CommonAnode_AKK
Device,D_Zener_Dual_CommonAnode_AKK_Parallel
Device,D_Zener_Dual_CommonAnode_AKK_Split
Device,D_Zener_Dual_CommonAnode_KAK
Device,D_Zener_Dual_CommonAnode_KAK_Parallel
Device,D_Zener_Dual_CommonAnode_KAK_Split
Device,D_Zener_Dual_CommonAnode_KKA
Device,D_Zener_Dual_CommonAnode_KKA_Parallel
Device,D_Zener_Dual_CommonAnode_KKA_Split
Device,D_Zener_Dual_CommonCathode_AAK
Device,D_Zener_Dual_CommonCathode_AAK_Parallel
Device,D_Zener_Dual_CommonCathode_AAK_Split
Device,D_Zener_Dual_CommonCathode_AKA
Device,D_Zener_Dual_CommonCathode_AKA_Parallel
Device,D_Zener_Dual_CommonCathode_AKA_Split
Device,D_Zener_Dual_CommonCathode_KAA
Device,D_Zener_Dual_CommonCathode_KAA_Parallel
Device,D_Zener_Dual_CommonCathode_KAA_Split
Device,D_Zener_Filled
Device,D_Zener_Small
Device,D_Zener_Small_Filled
Device,DelayLine
Device,Earphone
Device,ElectromagneticActor
Device,FerriteBead
Device,FerriteBead_Small
Device,Filter_EMI_CLC
Device,Filter_EMI_LCL
Device,Filter_EMI_LL
Device,Filter_EMI_LL_1423
Device,FrequencyCounter
Device,Fuse
Device,Fuse_Polarized
Device,Fuse_Polarized_Small
Device,Fuse_Small
Device,GDT_2Pin
Device,GDT_3Pin
Device,Galvanometer
Device,HallGenerator
Device,Heater
Device,L
Device,LED
Device,LED_ABGR
Device,LED_ABRG
Device,LED_AGBR
Device,LED_AGRB
Device,LED_ARBG
Device,LED_ARGB
Device,LED_BAGR
Device,LED_BARG
Device,LED_BGAR
Device,LED_BGKR
Device,LED_BGRA
Device,LED_BGRK
Device,LED_BKGR
Device,LED_BKRG
Device,LED_BRAG
Device,LED_BRGA
Device,LED_BRGK
Device,LED_BRKG
Device,LED_Dual_AAK
Device,LED_Dual_AAKK
Device,LED_Dual_AKA
Device,LED_Dual_AKAK
Device,LED_Dual_Bidirectional
Device,LED_Dual_KAK
Device,LED_Dual_KAKA
Device,LED_Dual_KKA
Device,LED_Filled
Device,LED_GABR
Device,LED_GARB
Device,LED_GBAR
Device,LED_GBKR
Device,LED_GBRA
Device,LED_GBRK
Device,LED_GKBR
Device,LED_GKRB
Device,LED_GRAB
Device,LED_GRBA
Device,LED_GRBK
Device,LED_GRKB
Device,LED_KBGR
Device,LED_KBRG
Device,LED_KGBR
Device,LED_KGRB
Device,LED_KRBG
Device,LED_KRGB
Device,LED_Pad
Device,LED_RABG
Device,LED_RAGB
Device,LED_RBAG
Device,LED_RBGA
Device,LED_RBGK
Device,LED_RBKG
Device,LED_RGAB
Device,LED_RGB
Device,LED_RGBA
Device,LED_RGBK
Device,LED_RGB_EP
Device,LED_RGKB
Device,LED_RKBG
Device,LED_RKGB
Device,LED_Series
Device,LED_Series_Pad
Device,LED_Small
Device,LED_Small_Filled
Device,L_Coupled
Device,L_Coupled_1243
Device,L_Coupled_1324
Device,L_Coupled_1342
Device,L_Coupled_1423
Device,L_Coupled_Small
Device,L_Coupled_Small_1243
Device,L_Coupled_Small_1324
Device,L_Coupled_Small_1342
Device,L_Coupled_Small_1423
Device,L_Ferrite
Device,L_Ferrite_Coupled
Device,L_Ferrite_Coupled_1243
Device,L_Ferrite_Coupled_1324
Device,L_Ferrite_Coupled_1342
Device,L_Ferrite_Coupled_1423
Device,L_Ferrite_Coupled_Small
Device,L_Ferrite_Coupled_Small_1243
Device,L_Ferrite_Coupled_Small_1324
Device,L_Ferrite_Coupled_Small_1342
Device,L_Ferrite_Coupled_Small_1423
Device,L_Ferrite_Small
Device,L_Iron
Device,L_Iron_Coupled
Device,L_Iron_Coupled_1243
Device,L_Iron_Coupled_1324
Device,L_Iron_Coupled_1342
Device,L_Iron_Coupled_1423
Device,L_Iron_Coupled_Small
Device,L_Iron_Coupled_Small_1243
Device,L_Iron_Coupled_Small_1324
Device,L_Iron_Coupled_Small_1342
Device,L_Iron_Coupled_Small_1423
Device,L_Iron_Small
Device,L_Small
Device,L_Trim
Device,Lamp
Device,Lamp_Flash
Device,Lamp_Neon
Device,Memristor
Device,Microphone
Device,Microphone_Condenser
Device,Microphone_Crystal
Device,NetTie_2
Device,NetTie_3
Device,NetTie_3_Tee
Device,NetTie_4
Device,NetTie_4_Cross
Device,Ohmmeter
Device,Opamp_Dual
Device,Opamp_Quad
Device,Oscilloscope
Device,PeltierElement
Device,Polyfuse
Device,Polyfuse_Small
Device,Q_Dual_NMOS_G1S2G2D2S1D1
Device,Q_Dual_NMOS_S1G1D2S2G2D1
Device,Q_Dual_NMOS_S1G1S2G2D2D2D1D1
Device,Q_Dual_NPN_C2C1E1E2
Device,Q_Dual_NPN_NPN_BRT_E1B1C2E2B2C1
Device,Q_Dual_NPN_NPN_C2E2C1E1B1B2
Device,Q_Dual_NPN_NPN_E1B1C2E2B2C1
Device,Q_Dual_NPN_PNP_BRT_E1B1C2E2B2C1
Device,Q_Dual_NPN_PNP_E1B1C2E2B2C1
Device,Q_Dual_PMOS_G1S2G2D2S1D1
Device,Q_Dual_PMOS_S1G1D2S2G2D1
Device,Q_Dual_PMOS_S1G1S2G2D2D2D1D1
Device,Q_Dual_PNP_C2C1E1E2
Device,Q_Dual_PNP_NPN_BRT_E1B1C2E2B2C1
Device,Q_Dual_PNP_PNP_BRT_E1B1C2E2B2C1
Device,Q_Dual_PNP_PNP_C1B1B2C2E2E1
Device,Q_Dual_PNP_PNP_C2E2C1E1B1B2
Device,Q_Dual_PNP_PNP_E1B1C2E2B2C1
Device,Q_NIGBT_CEG
Device,Q_NIGBT_CGE
Device,Q_NIGBT_ECG
Device,Q_NIGBT_ECGC
Device,Q_NIGBT_EGC
Device,Q_NIGBT_GCE
Device,Q_NIGBT_GCEC
Device,Q_NIGBT_GEC
Device,Q_NJFET_DGS
Device,Q_NJFET_DSG
Device,Q_NJFET_GDS
Device,Q_NJFET_GSD
Device,Q_NJFET_SDG
Device,Q_NJFET_SGD
Device,Q_NMOS_DGS
Device,Q_NMOS_DSG
Device,Q_NMOS_GDS
Device,Q_NMOS_GDSD
Device,Q_NMOS_GSD
Device,Q_NMOS_SDG
Device,Q_NMOS_SDGD
Device,Q_NMOS_SGD
Device,Q_NPN_BCE
Device,Q_NPN_BCEC
Device,Q_NPN_BEC
Device,Q_NPN_BEC_BRT
Device,Q_NPN_CBE
Device,Q_NPN_CEB
Device,Q_NPN_Darlington_BCE
Device,Q_NPN_Darlington_BCEC
Device,Q_NPN_Darlington_BEC
Device,Q_NPN_Darlington_CBE
Device,Q_NPN_Darlington_CEB
Device,Q_NPN_Darlington_EBC
Device,Q_NPN_Darlington_ECB
Device,Q_NPN_Darlington_ECBC
Device,Q_NPN_EBC
Device,Q_NPN_ECB
Device,Q_NPN_ECBC
Device,Q_NPN_ECB_BRT
Device,Q_NUJT_BEB
Device,Q_PJFET_DGS
Device,Q_PJFET_DSG
Device,Q_PJFET_GDS
Device,Q_PJFET_GSD
Device,Q_PJFET_SDG
Device,Q_PJFET_SGD
Device,Q_PMOS_DGS
Device,Q_PMOS_DSG
Device,Q_PMOS_GDS
Device,Q_PMOS_GDSD
Device,Q_PMOS_GSD
Device,Q_PMOS_SDG
Device,Q_PMOS_SDGD
Device,Q_PMOS_SGD
Device,Q_PNP_BCE
Device,Q_PNP_BCEC
Device,Q_PNP_BEC
Device,Q_PNP_BEC_BRT
Device,Q_PNP_CBE
Device,Q_PNP_CEB
Device,Q_PNP_Darlington_BCE
Device,Q_PNP_Darlington_BCEC
Device,Q_PNP_Darlington_BEC
Device,Q_PNP_Darlington_CBE
Device,Q_PNP_Darlington_CEB
Device,Q_PNP_Darlington_EBC
Device,Q_PNP_Darlington_ECB
Device,Q_PNP_Darlington_ECBC
Device,Q_PNP_EBC
Device,Q_PNP_ECB
Device,Q_PNP_ECBC
Device,Q_PNP_ECB_BRT
Device,Q_PUJT_BEB
Device,Q_Photo_NPN
Device,Q_Photo_NPN_CBE
Device,Q_Photo_NPN_EBC
Device,Q_Photo_NPN_EC
Device,Q_SCR_AGK
Device,Q_SCR_AKG
Device,Q_SCR_GAK
Device,Q_SCR_GKA
Device,Q_SCR_KAG
Device,Q_SCR_KGA
Device,Q_TRIAC_A1A2G
Device,Q_TRIAC_A1GA2
Device,Q_TRIAC_A2A1G
Device,Q_TRIAC_A2GA1
Device,Q_TRIAC_GA1A2
Device,Q_TRIAC_GA2A1
Device,R
Device,RFShield_OnePiece
Device,RFShield_TwoPieces
Device,R_Network03
Device,R_Network03_Split
Device,R_Network03_US
Device,R_Network04
Device,R_Network04_Split
Device,R_Network04_US
Device,R_Network05
Device,R_Network05_Split
Device,R_Network05_US
Device,R_Network06
Device,R_Network06_Split
Device,R_Network06_US
Device,R_Network07
Device,R_Network07_Split
Device,R_Network07_US
Device,R_Network08
Device,R_Network08_Split
Device,R_Network08_US
Device,R_Network09
Device,R_Network09_Split
Device,R_Network09_US
Device,R_Network10
Device,R_Network10_Split
Device,R_Network10_US
Device,R_Network11
Device,R_Network11_Split
Device,R_Network11_US
Device,R_Network12
Device,R_Network12_Split
Device,R_Network12_US
Device,R_Network13
Device,R_Network13_Split
Device,R_Network13_US
Device,R_Network_Dividers_x02_SIP
Device,R_Network_Dividers_x03_SIP
Device,R_Network_Dividers_x04_SIP
Device,R_Network_Dividers_x05_SIP
Device,R_Network_Dividers_x06_SIP
Device,R_Network_Dividers_x07_SIP
Device,R_Network_Dividers_x08_SIP
Device,R_Network_Dividers_x09_SIP
Device,R_Network_Dividers_x10_SIP
Device,R_Network_Dividers_x11_SIP
Device,R_Pack02
Device,R_Pack02_SIP
Device,R_Pack02_SIP_Split
Device,R_Pack02_Split
Device,R_Pack03
Device,R_Pack03_SIP
Device,R_Pack03_SIP_Split
Device,R_Pack03_Split
Device,R_Pack04
Device,R_Pack04_SIP
Device,R_Pack04_SIP_Split
Device,R_Pack04_Split
Device,R_Pack05
Device,R_Pack05_SIP
Device,R_Pack05_SIP_Split
Device,R_Pack05_Split
Device,R_Pack06
Device,R_Pack06_SIP
Device,R_Pack06_SIP_Split
Device,R_Pack06_Split
Device,R_Pack07
Device,R_Pack07_SIP
Device,R_Pack07_SIP_Split
Device,R_Pack07_Split
Device,R_Pack08
Device,R_Pack08_Split
Device,R_Pack09
Device,R_Pack09_Split
Device,R_Pack10
Device,R_Pack10_Split
Device,R_Pack11
Device,R_Pack11_Split
Device,R_Photo
Device,R_Potentiometer
Device,R_Potentiometer_Dual
Device,R_Potentiometer_Dual_Separate
Device,R_Potentiometer_MountingPin
Device,R_Potentiometer_Small
Device,R_Potentiometer_Trim
Device,R_Potentiometer_Trim_US
Device,R_Potentiometer_US
Device,R_Shunt
Device,R_Shunt_US
Device,R_Small
Device,R_Small_US
Device,R_Trim
Device,R_US
Device,R_Variable
Device,R_Variable_US
Device,Resonator
Device,Resonator_Small
Device,RotaryEncoder
Device,RotaryEncoder_Switch
Device,Solar_Cell
Device,Solar_Cells
Device,SparkGap
Device,Speaker
Device,Speaker_Crystal
Device,Thermistor
Device,Thermistor_NTC
Device,Thermistor_NTC_3Wire
Device,Thermistor_NTC_4Wire
Device,Thermistor_NTC_US
Device,Thermistor_PTC
Device,Thermistor_PTC_3Wire
Device,Thermistor_PTC_4Wire
Device,Thermistor_PTC_US
Device,Thermistor_US
Device,Thermocouple
Device,Thermocouple_Alt
Device,Thermocouple_Block
Device,Transformer_1P_1S
Device,Transformer_1P_1S_SO8
Device,Transformer_1P_2S
Device,Transformer_1P_SS
Device,Transformer_Audio
Device,Transformer_SP_1S
Device,Transformer_SP_2S
Device,Varistor
Device,Varistor_US
Device,VoltageDivider
Device,VoltageDivider_CenterPin1
Device,VoltageDivider_CenterPin3
Device,Voltmeter_AC
Device,Voltmeter_DC
Diode,1.5KExxA
Diode,1.5KExxCA
Diode,1N4001
Diode,1N4148
Diode,1N4148WS
Diode,1N4148WT
Diode,1N53xxB
Diode,1N5400
Diode,1N5711UR
Diode,1N5820
Diode,1N6263
Diode,2BZX84Cxx
Diode,5KPxxA
Diode,5KPxxCA
Diode,B120-E3
Diode,B220
Diode,B320
Diode,BAR42FILM
Diode,BAS16TW
Diode,BAS16W
Diode,BAS19
Diode,BAS40-04
Diode,BAT48JFILM
Diode,BAT48ZFILM
Diode,BAT54A
Diode,BAT54ADW
Diode,BAT54AW
Diode,BAT54C
Diode,BAT54CW
Diode,BAT54J
Diode,BAT54S
Diode,BAT54SW
Diode,BAT54W
Diode,BAV70
Diode,BAV70M
Diode,BAV70S
Diode,BAV70T
Diode,BAV70W
Diode,BAV756S
Diode,BAV99
Diode,BAV99S
Diode,BYV79-100
Diode,BZD27Cxx
Diode,BZM55Bxx
Diode,BZT52Bxx
Diode,BZX384-xxx
Diode,BZX84Cxx
Diode,C3D02060F
Diode,C3D06060G
Diode,C3D16060D
Diode,C3D1P7060Q
Diode,C4D10120H
Diode,CD4148W
Diode,CSD01060E
Diode,DB3
Diode,ESD9B5.0ST5G
Diode,IDDD04G65C6
Diode,LL41
Diode,LL4148
Diode,MBR735
Diode,MCL4148
Diode,MM3Zxx
Diode,MM5Zxx
Diode,MMBZxx
Diode,MMSD914
Diode,MRA4003T3G
Diode,PMEG2005EH
Diode,PMEG2005EJ
Diode,PMEG2010AET
Diode,PMEG4050EP
Diode,PMEG40T10ER
Diode,PMEG45A10EPD
Diode,Rohm_UMN1N
Diode,Rohm_UMP11N
Diode,S2JTR
Diode,SB120
Diode,SD05_SOD323
Diode,SD103ATW
Diode,SM4001
Diode,SM6T6V8A
Diode,SM712_SOT23
Diode,STBR3008WY
Diode,STTH212S
Diode,VS-6ESU06
Diode,Z1SMAxxx
Diode,Z2SMBxxx
Diode,Z3SMCxxx
Diode,ZMDxx
Diode,ZMYxx
Diode,ZPDxx
Diode,ZPYxx
LED,APA-106-F5
LED,APA102
LED,APA102-2020
LED,APFA3010
LED,ASMB-MTB0-0A3A2
LED,ASMB-MTB1-0A3A2
LED,ASMT-YTC2-0AA02
LED,CLS6B-FKW
LED,CLV1L-FKB
LED,HDSP-4830
LED,HDSP-4830_2
LED,HDSP-4832
LED,HDSP-4832_2
LED,HDSP-4836
LED,HDSP-4836_2
LED,HDSP-4840
LED,HDSP-4840_2
LED,HDSP-4850
LED,HDSP-4850_2
LED,HLCP-J100
LED,HLCP-J100_2
LED,IR26-21C_L110_TR8
LED,IRL81A
LED,Inolux_IN-PI554FCH
LED,Inolux_IN-PI556FCH
LED,LD271
LED,LED_Cree_XHP50_12V
LED,LED_Cree_XHP50_6V
LED,LED_Cree_XHP70_12V
LED,LED_Cree_XHP70_6V
LED,NeoPixel_THT
LED,QLS6A-FKW
LED,SFH4356P
LED,SFH460
LED,SFH482
LED,SK6805
LED,SK6812
LED,SK6812MINI
LED,SMLVN6RGB
LED,WS2812B
LED,WS2812S
LED,WS2813
LED,WS2822S
Motor,Fan
Motor,Fan_ALT
Motor,Fan_IEC60617
Motor,Fan_Tacho
Motor,Fan_Tacho_PWM
Motor,Motor_AC
Motor,Motor_DC
Motor,Motor_DC_ALT
Motor,Motor_Servo
Motor,Motor_Servo_AirTronics
Motor,Stepper_Motor_bipolar
Motor,Stepper_Motor_unipolar_5pin
Motor,Stepper_Motor_unipolar_6pin
Oscillator,5P49V6965
Oscillator,ABLNO
Oscillator,ACO-xxxMHz-A
Oscillator,ASCO
Oscillator,ASDMB-xxxMHz
Oscillator,ASE-xxxMHz
Oscillator,ASV-xxxMHz
Oscillator,CXO_DIP14
Oscillator,CXO_DIP8
Oscillator,DFA-S11
Oscillator,DFA-S15
Oscillator,DFA-S2
Oscillator,DFA-S3
Oscillator,DGOF5S3
Oscillator,ECS-2520MV-xxx-xx
Oscillator,FT5HN
Oscillator,FT5HV
Oscillator,IQXO-70
Oscillator,JTOS-50
Oscillator,KC2520Z
Oscillator,KT2520K-T
Oscillator,LTC6905xS5-80
Oscillator,MAX7375AXR805
Oscillator,MV267
Oscillator,MV317
Oscillator,NB3N502
Oscillator,NB3N511
Oscillator,OCXO-14
Oscillator,OH300
Oscillator,SG-210SED
Oscillator,SG-210STF
Oscillator,SG-3030CM
Oscillator,SG-5032CAN
Oscillator,SG-7050CAN
Oscillator,SG-8002CA
Oscillator,SG-8002CE
Oscillator,SG-8002DB
Oscillator,SG-8002DC
Oscillator,SG-8002JA
Oscillator,SG-8002JC
Oscillator,SG-8002LB
Oscillator,Si512A_2.5x3.2mm
Oscillator,Si513A_2.5x3.2mm
Oscillator,Si5351A-B-GM
Oscillator,Si5351A-B-GT
Oscillator,Si5351B-B-GM
Oscillator,Si5351C-B-GM
Oscillator,Si570
Oscillator,Si571
Oscillator,TCXO3
Oscillator,TXC-7C
Oscillator,VC-81
Oscillator,XO32
Oscillator,XO53
Oscillator,XO91
Oscillator,XUX51
Oscillator,XUX71
Oscillator,XUY51
Oscillator,XUY71
Transistor_BJT,2N2219
Transistor_BJT,2N2646
Transistor_BJT,2N3055
Transistor_BJT,2N3904
Transistor_BJT,2N3906
Transistor_BJT,2SA1015
Transistor_BJT,2SB631
Transistor_BJT,2SB817
Transistor_BJT,2SC1815
Transistor_BJT,2SC1941
Transistor_BJT,2SC1945
Transistor_BJT,2SD1047
Transistor_BJT,2SD600
Transistor_BJT,BC107
Transistor_BJT,BC160
Transistor_BJT,BC237
Transistor_BJT,BC240
Transistor_BJT,BC307
Transistor_BJT,BC413
Transistor_BJT,BC516
Transistor_BJT,BC517
Transistor_BJT,BC547
Transistor_BJT,BC557
Transistor_BJT,BC636
Transistor_BJT,BC807
Transistor_BJT,BC807W
Transistor_BJT,BC817
Transistor_BJT,BC817W
Transistor_BJT,BC846BPN
Transistor_BJT,BC846BS
Transistor_BJT,BC856BS
Transistor_BJT,BCP51
Transistor_BJT,BCV29
Transistor_BJT,BCV61
Transistor_BJT,BCV62
Transistor_BJT,BCX51
Transistor_BJT,BCX56
Transistor_BJT,BD139
Transistor_BJT,BD140
Transistor_BJT,BD249
Transistor_BJT,BD250
Transistor_BJT,BD433
Transistor_BJT,BD434
Transistor_BJT,BD910
Transistor_BJT,BD911
Transistor_BJT,BDW93
Transistor_BJT,BDW94
Transistor_BJT,BF199
Transistor_BJT,BF457
Transistor_BJT,BFR92
Transistor_BJT,BFT92
Transistor_BJT,BUT11
Transistor_BJT,DTA113T
Transistor_BJT,DTA113Z
Transistor_BJT,DTA114E
Transistor_BJT,DTA114G
Transistor_BJT,DTA114T
Transistor_BJT,DTA114W
Transistor_BJT,DTA114Y
Transistor_BJT,DTA115E
Transistor_BJT,DTA115G
Transistor_BJT,DTA115T
Transistor_BJT,DTA115U
Transistor_BJT,DTA123E
Transistor_BJT,DTA123J
Transistor_BJT,DTA123Y
Transistor_BJT,DTA124E
Transistor_BJT,DTA124G
Transistor_BJT,DTA124T
Transistor_BJT,DTA124X
Transistor_BJT,DTA125T
Transistor_BJT,DTA143E
Transistor_BJT,DTA143T
Transistor_BJT,DTA143X
Transistor_BJT,DTA143Y
Transistor_BJT,DTA143Z
Transistor_BJT,DTA144E
Transistor_BJT,DTA144G
Transistor_BJT,DTA144T
Transistor_BJT,DTA144V
Transistor_BJT,DTA144W
Transistor_BJT,DTA1D3R
Transistor_BJT,DTA214Y
Transistor_BJT,DTB113E
Transistor_BJT,DTB113Z
Transistor_BJT,DTB114E
Transistor_BJT,DTB114G
Transistor_BJT,DTB114T
Transistor_BJT,DTB122J
Transistor_BJT,DTB123E
Transistor_BJT,DTB123T
Transistor_BJT,DTB123Y
Transistor_BJT,DTB133H
Transistor_BJT,DTB143T
Transistor_BJT,DTB163T
Transistor_BJT,DTC113T
Transistor_BJT,DTC113Z
Transistor_BJT,DTC114E
Transistor_BJT,DTC114G
Transistor_BJT,DTC114T
Transistor_BJT,DTC114W
Transistor_BJT,DTC114Y
Transistor_BJT,DTC115E
Transistor_BJT,DTC115G
Transistor_BJT,DTC115T
Transistor_BJT,DTC115U
Transistor_BJT,DTC123E
Transistor_BJT,DTC123J
Transistor_BJT,DTC123Y
Transistor_BJT,DTC124E
Transistor_BJT,DTC124G
Transistor_BJT,DTC124T
Transistor_BJT,DTC124X
Transistor_BJT,DTC125T
Transistor_BJT,DTC143E
Transistor_BJT,DTC143T
Transistor_BJT,DTC143X
Transistor_BJT,DTC143Y
Transistor_BJT,DTC143Z
Transistor_BJT,DTC144E
Transistor_BJT,DTC144G
Transistor_BJT,DTC144T
Transistor_BJT,DTC144V
Transistor_BJT,DTC144W
Transistor_BJT,DTC1D3R
Transistor_BJT,DTC214Y
Transistor_BJT,DTD113E
Transistor_BJT,DTD113Z
Transistor_BJT,DTD114E
Transistor_BJT,DTD114G
Transistor_BJT,DTD114T
Transistor_BJT,DTD122J
Transistor_BJT,DTD123E
Transistor_BJT,DTD123T
Transistor_BJT,DTD123Y
Transistor_BJT,DTD133H
Transistor_BJT,DTD143T
Transistor_BJT,DTD163T
Transistor_BJT,EMH3
Transistor_BJT,FMB2227A
Transistor_BJT,IMH3A
Transistor_BJT,KTD1624
Transistor_BJT,MAT02
Transistor_BJT,MJ2955
Transistor_BJT,MJE13003
Transistor_BJT,MJE13007G
Transistor_BJT,MMBTA42
Transistor_BJT,MMBTA92
Transistor_BJT,MPSA42
Transistor_BJT,MPSA92
Transistor_BJT,MUN5211DW1
Transistor_BJT,PN2222A
Transistor_BJT,PZT2222A
Transistor_BJT,PZT3904
Transistor_BJT,PZT3906
Transistor_BJT,PZTA42
Transistor_BJT,PZTA92
Transistor_BJT,S8050
Transistor_BJT,S8550
Transistor_BJT,SSM2210
Transistor_BJT,SSM2220
Transistor_BJT,TIP120
Transistor_BJT,TIP125
Transistor_BJT,TIP2955
Transistor_BJT,TIP2955G
Transistor_BJT,TIP3055
Transistor_BJT,TIP3055G
Transistor_BJT,UMH3N
Transistor_FET,2N7000
Transistor_FET,3SK263
Transistor_FET,BF244A
Transistor_FET,BF245A
Transistor_FET,BF545A
Transistor_FET,BS107
Transistor_FET,BS250
Transistor_FET,BSB008NE2LX
Transistor_FET,BSB028N06NN3
Transistor_FET,BSB104N08NP3
Transistor_FET,BSB165N15NZ3
Transistor_FET,BSC13DN30NSFD
Transistor_FET,BSD235C
Transistor_FET,BSF030NE2LQ
Transistor_FET,BSF450NE7NH3
Transistor_FET,BSP129
Transistor_FET,BSP89
Transistor_FET,BSR56
Transistor_FET,BSS138
Transistor_FET,BSS214NW
Transistor_FET,BUK9M53-60EX
Transistor_FET,BUZ11
Transistor_FET,C3M0030090K
Transistor_FET,C3M0065090D
Transistor_FET,C3M0065090J
Transistor_FET,CSD16301Q2
Transistor_FET,CSD17578Q5A
Transistor_FET,CSD19537Q3
Transistor_FET,CSD25302Q2
Transistor_FET,DMC2053UVT
Transistor_FET,DMG1012T
Transistor_FET,DMG9926UDM
Transistor_FET,DMN3033LDM
Transistor_FET,DMP3013SFV
Transistor_FET,FDC2512
Transistor_FET,FDC6330L
Transistor_FET,FDG1024NZ
Transistor_FET,FDMC8032L
Transistor_FET,FDMT80060DC
Transistor_FET,FDS6890A
Transistor_FET,IGLD60R070D1
Transistor_FET,IGO60R070D1
Transistor_FET,IGOT60R070D1
Transistor_FET,IGT60R070D1
Transistor_FET,IPB180N10S4-02
Transistor_FET,IPD50R380CE
Transistor_FET,IPDD60R050G7
Transistor_FET,IPT012N08N5
Transistor_FET,IRF40DM229
Transistor_FET,IRF60DM206
Transistor_FET,IRF6613
Transistor_FET,IRF6655
Transistor_FET,IRF6710S2
Transistor_FET,IRF6718L2
Transistor_FET,IRF6802SD
Transistor_FET,IRF6892S
Transistor_FET,IRF7309IPBF
Transistor_FET,IRF7324
Transistor_FET,IRF7404
Transistor_FET,IRF7606PBF
Transistor_FET,IRF7607PBF
Transistor_FET,IRF7665S2
Transistor_FET,IRF7739L1
Transistor_FET,IRF8721PBF-1
Transistor_FET,IRF9383M
Transistor_FET,IRF9540N
Transistor_FET,IRFI4019H
Transistor_FET,IRL6283M
Transistor_FET,IRLIZ44N
Transistor_FET,PGA26E07BA
Transistor_FET,PMN48XP
Transistor_FET,PSMN5R2-60YL
Transistor_FET,QM6015D
Transistor_FET,STB15N80K5
Transistor_FET,STD7NK40Z
Transistor_FET,SUD19P06-60
Transistor_FET,Si1442DH
Transistor_FET,Si7141DP
Transistor_FET,Si7336ADP
Transistor_FET,SiA453EDJ
Transistor_FET,SiS415DNT
Transistor_FET,SiS454DN
Transistor_FET,TP0610L
Transistor_FET,TP0610T
Transistor_FET,ZXMP4A16G
Transistor_IGBT,IRG4PF50W
Transistor_IGBT,STGP7NC60HD
Triac_Thyristor,BT169B
Triac_Thyristor,TIC106
Triac_Thyristor,TIC226
Triac_Thyristor,X0202MN
Triac_Thyristor,Z0103MN
eSim_Hybrid,adc_bridge_1
eSim_Hybrid,adc_bridge_2
eSim_Hybrid,adc_bridge_3
eSim_Hybrid,adc_bridge_4
eSim_Hybrid,adc_bridge_5
eSim_Hybrid,adc_bridge_6
eSim_Hybrid,adc_bridge_7
eSim_Hybrid,adc_bridge_8
eSim_Hybrid,dac_bridge_1
eSim_Hybrid,dac_bridge_2
eSim_Hybrid,dac_bridge_3
eSim_Hybrid,dac_bridge_4
eSim_Hybrid,dac_bridge_5
eSim_Hybrid,dac_bridge_6
eSim_Hybrid,dac_bridge_7
eSim_Hybrid,dac_bridge_8
eSim_Sources,eSim_AC
eSim_Sources,CCCS
eSim_Sources,CCVS
eSim_Sources,DC
eSim_Sources,VCCS
eSim_Sources,VCVS
eSim_Sources,dc
eSim_Sources,exp
eSim_Sources,pulse
eSim_Sources,pwl
eSim_Sources,sine
power,+10V
power,+12C
power,+12L
power,+12LF
power,+12P
power,+12V
power,+12VA
power,+15V
power,+1V0
power,+1V1
power,+1V2
power,+1V35
power,+1V5
power,+1V8
power,+24V
power,+28V
power,+2V5
power,+2V8
power,+3.3VA
power,+3.3VADC
power,+3.3VDAC
power,+3.3VP
power,+36V
power,+3V0
power,+3V3
power,+3V8
power,+48V
power,+4V
power,+5C
power,+5F
power,+5P
power,+5V
power,+5VA
power,+5VD
power,+5VL
power,+5VP
power,+6V
power,+7.5V
power,+8V
power,+9V
power,+9VA
power,+BATT
power,+VDC
power,+VSW
power,-10V
power,-12V
power,-12VA
power,-15V
power,-24V
power,-2V5
power,-36V
power,-3V3
power,-48V
power,-5V
power,-5VA
power,-6V
power,-8V
power,-9V
power,-9VA
power,-BATT
power,-VDC
power,-VSW
power,AC
power,Earth
power,Earth_Clean
power,Earth_Protective
power,GND
power,GND1
power,GND2
power,GND3
power,GNDA
power,GNDD
power,GNDPWR
power,GNDREF
power,GNDS
power,HT
power,LINE
power,NEUT
power,PRI_HI
power,PRI_LO
power,PRI_MID
power,PWR_FLAG
power,VAA
power,VAC
power,VBUS
power,VCC
power,VCCQ
power,VCOM
power,VD
power,VDC
power,VDD
power,VDDA
power,VDDF
power,VEE
power,VMEM
power,VPP
power,VS
power,VSS
power,VSSA
power,Vdrive
pspice,0
pspice,CAP
pspice,DIODE
pspice,INDUCTOR
pspice,ISOURCE
pspice,MNMOS
pspice,MPMOS
pspice,OPAMP
pspice,QNPN
pspice,QPNP
pspice,VSOURCE
pspice,BSOURCE
pspice,ESOURCE
pspice,GSOURCE
